EmployeeID,Email,Airline,Name,Password
1,jenkinsjohn@gmail.com,Southwest,Victoria Roberts,a
2,dana59@yahoo.com,Delta,Jennifer Paul,b
3,stephaniealexander@perry.com,Delta,Pamela Lewis,c
4,danielle89@yahoo.com,AA,Katherine Lee,d
5,wdavis@hotmail.com,Southwest,Martha Morrison,e
6,mmahoney@yahoo.com,Delta,Thomas Williams,f
7,johnortega@yahoo.com,Delta,Carolyn Koch,g
8,william22@lewis.com,Delta,Tamara Keller,h
9,millerjared@ford-vargas.info,Southwest,Katherine Young,i
10,baileyjoshua@holland-jimenez.org,Southwest,Gilbert Garcia,j
11,sjames@gmail.com,Spirit,Anthony Kennedy,k
12,lauralarsen@thompson-moss.com,Delta,Timothy Perez,l
13,tsmith@hotmail.com,AA,Jody Pollard,m
14,francisco17@crane.biz,AA,Jodi Stevens,n
15,rvelasquez@hotmail.com,United,Tiffany Thomas,o
16,crosario@clark-brown.info,Spirit,Cynthia Brown,p
17,elizabeth53@yahoo.com,United,Eileen Gross,q
18,melissa68@hoffman.com,AA,Alan Rose,r
19,brian65@craig-suarez.net,United,Richard Kennedy,s
20,johnathanmoody@hotmail.com,Spirit,Mario Mooney,t
